{"cameraMode":{"drawMode":0,"name":"Shaded","section":"Shading Mode"},"sceneLighting":false,"audioPlay":false,"sceneViewState":{"showFog":true,"showMaterialUpdate":false,"showSkybox":false,"showFlares":true,"showImageEffects":true,"showParticleSystems":true,"showVisualEffectGraphs":true,"m_FxEnabled":true},"in2DMode":false,"pivot":{"x":-0.017236337065696718,"y":0.010963529348373413,"z":-0.006986998021602631},"rotation":{"x":-0.15430429577827454,"y":-0.7489761114120483,"z":0.6166334748268127,"w":-0.18729005753993989},"size":0.04061784967780113,"orthographic":true}